{
  "overall": {
    "total_epic_videos": 633,
    "total_sparse_videos": 158,
    "total_wdtcf_videos": 92,
    "total_any_visor": 158,
    "sparse_coverage_pct": 24.960505529225905,
    "wdtcf_coverage_pct": 14.533965244865717,
    "any_visor_coverage_pct": 24.960505529225905,
    "sparse_only": 66,
    "wdtcf_only": 0,
    "both": 92
  },
  "by_split": {
    "train": {
      "total_videos": 495,
      "sparse_videos": 128,
      "wdtcf_videos": 75,
      "any_visor": 128,
      "sparse_coverage_pct": 25.858585858585858,
      "wdtcf_coverage_pct": 15.151515151515152,
      "any_visor_coverage_pct": 25.858585858585858
    },
    "validation": {
      "total_videos": 138,
      "sparse_videos": 30,
      "wdtcf_videos": 17,
      "any_visor": 30,
      "sparse_coverage_pct": 21.73913043478261,
      "wdtcf_coverage_pct": 12.318840579710146,
      "any_visor_coverage_pct": 21.73913043478261
    }
  },
  "by_participant": {
    "P01": {
      "total_videos": 27,
      "sparse_videos": 9,
      "wdtcf_videos": 8,
      "any_visor": 9,
      "sparse_coverage_pct": 33.33333333333333,
      "wdtcf_coverage_pct": 29.629629629629626,
      "any_visor_coverage_pct": 33.33333333333333,
      "sparse_only": 1,
      "wdtcf_only": 0,
      "both": 8
    },
    "P02": {
      "total_videos": 47,
      "sparse_videos": 17,
      "wdtcf_videos": 11,
      "any_visor": 17,
      "sparse_coverage_pct": 36.17021276595745,
      "wdtcf_coverage_pct": 23.404255319148938,
      "any_visor_coverage_pct": 36.17021276595745,
      "sparse_only": 6,
      "wdtcf_only": 0,
      "both": 11
    },
    "P03": {
      "total_videos": 47,
      "sparse_videos": 16,
      "wdtcf_videos": 7,
      "any_visor": 16,
      "sparse_coverage_pct": 34.04255319148936,
      "wdtcf_coverage_pct": 14.893617021276595,
      "any_visor_coverage_pct": 34.04255319148936,
      "sparse_only": 9,
      "wdtcf_only": 0,
      "both": 7
    },
    "P04": {
      "total_videos": 53,
      "sparse_videos": 18,
      "wdtcf_videos": 9,
      "any_visor": 18,
      "sparse_coverage_pct": 33.9622641509434,
      "wdtcf_coverage_pct": 16.9811320754717,
      "any_visor_coverage_pct": 33.9622641509434,
      "sparse_only": 9,
      "wdtcf_only": 0,
      "both": 9
    },
    "P05": {
      "total_videos": 9,
      "sparse_videos": 2,
      "wdtcf_videos": 0,
      "any_visor": 2,
      "sparse_coverage_pct": 22.22222222222222,
      "wdtcf_coverage_pct": 0.0,
      "any_visor_coverage_pct": 22.22222222222222,
      "sparse_only": 2,
      "wdtcf_only": 0,
      "both": 0
    },
    "P06": {
      "total_videos": 23,
      "sparse_videos": 17,
      "wdtcf_videos": 13,
      "any_visor": 17,
      "sparse_coverage_pct": 73.91304347826086,
      "wdtcf_coverage_pct": 56.52173913043478,
      "any_visor_coverage_pct": 73.91304347826086,
      "sparse_only": 4,
      "wdtcf_only": 0,
      "both": 13
    },
    "P07": {
      "total_videos": 31,
      "sparse_videos": 4,
      "wdtcf_videos": 2,
      "any_visor": 4,
      "sparse_coverage_pct": 12.903225806451612,
      "wdtcf_coverage_pct": 6.451612903225806,
      "any_visor_coverage_pct": 12.903225806451612,
      "sparse_only": 2,
      "wdtcf_only": 0,
      "both": 2
    },
    "P08": {
      "total_videos": 28,
      "sparse_videos": 4,
      "wdtcf_videos": 3,
      "any_visor": 4,
      "sparse_coverage_pct": 14.285714285714285,
      "wdtcf_coverage_pct": 10.714285714285714,
      "any_visor_coverage_pct": 14.285714285714285,
      "sparse_only": 1,
      "wdtcf_only": 0,
      "both": 3
    },
    "P09": {
      "total_videos": 12,
      "sparse_videos": 5,
      "wdtcf_videos": 3,
      "any_visor": 5,
      "sparse_coverage_pct": 41.66666666666667,
      "wdtcf_coverage_pct": 25.0,
      "any_visor_coverage_pct": 41.66666666666667,
      "sparse_only": 2,
      "wdtcf_only": 0,
      "both": 3
    },
    "P10": {
      "total_videos": 4,
      "sparse_videos": 1,
      "wdtcf_videos": 1,
      "any_visor": 1,
      "sparse_coverage_pct": 25.0,
      "wdtcf_coverage_pct": 25.0,
      "any_visor_coverage_pct": 25.0,
      "sparse_only": 0,
      "wdtcf_only": 0,
      "both": 1
    },
    "P11": {
      "total_videos": 31,
      "sparse_videos": 7,
      "wdtcf_videos": 4,
      "any_visor": 7,
      "sparse_coverage_pct": 22.58064516129032,
      "wdtcf_coverage_pct": 12.903225806451612,
      "any_visor_coverage_pct": 22.58064516129032,
      "sparse_only": 3,
      "wdtcf_only": 0,
      "both": 4
    },
    "P12": {
      "total_videos": 12,
      "sparse_videos": 4,
      "wdtcf_videos": 0,
      "any_visor": 4,
      "sparse_coverage_pct": 33.33333333333333,
      "wdtcf_coverage_pct": 0.0,
      "any_visor_coverage_pct": 33.33333333333333,
      "sparse_only": 4,
      "wdtcf_only": 0,
      "both": 0
    },
    "P13": {
      "total_videos": 10,
      "sparse_videos": 1,
      "wdtcf_videos": 1,
      "any_visor": 1,
      "sparse_coverage_pct": 10.0,
      "wdtcf_coverage_pct": 10.0,
      "any_visor_coverage_pct": 10.0,
      "sparse_only": 0,
      "wdtcf_only": 0,
      "both": 1
    },
    "P14": {
      "total_videos": 9,
      "sparse_videos": 1,
      "wdtcf_videos": 0,
      "any_visor": 1,
      "sparse_coverage_pct": 11.11111111111111,
      "wdtcf_coverage_pct": 0.0,
      "any_visor_coverage_pct": 11.11111111111111,
      "sparse_only": 1,
      "wdtcf_only": 0,
      "both": 0
    },
    "P15": {
      "total_videos": 13,
      "sparse_videos": 1,
      "wdtcf_videos": 1,
      "any_visor": 1,
      "sparse_coverage_pct": 7.6923076923076925,
      "wdtcf_coverage_pct": 7.6923076923076925,
      "any_visor_coverage_pct": 7.6923076923076925,
      "sparse_only": 0,
      "wdtcf_only": 0,
      "both": 1
    },
    "P16": {
      "total_videos": 4,
      "sparse_videos": 0,
      "wdtcf_videos": 0,
      "any_visor": 0,
      "sparse_coverage_pct": 0.0,
      "wdtcf_coverage_pct": 0.0,
      "any_visor_coverage_pct": 0.0,
      "sparse_only": 0,
      "wdtcf_only": 0,
      "both": 0
    },
    "P17": {
      "total_videos": 4,
      "sparse_videos": 1,
      "wdtcf_videos": 0,
      "any_visor": 1,
      "sparse_coverage_pct": 25.0,
      "wdtcf_coverage_pct": 0.0,
      "any_visor_coverage_pct": 25.0,
      "sparse_only": 1,
      "wdtcf_only": 0,
      "both": 0
    },
    "P18": {
      "total_videos": 12,
      "sparse_videos": 5,
      "wdtcf_videos": 3,
      "any_visor": 5,
      "sparse_coverage_pct": 41.66666666666667,
      "wdtcf_coverage_pct": 25.0,
      "any_visor_coverage_pct": 41.66666666666667,
      "sparse_only": 2,
      "wdtcf_only": 0,
      "both": 3
    },
    "P19": {
      "total_videos": 6,
      "sparse_videos": 0,
      "wdtcf_videos": 0,
      "any_visor": 0,
      "sparse_coverage_pct": 0.0,
      "wdtcf_coverage_pct": 0.0,
      "any_visor_coverage_pct": 0.0,
      "sparse_only": 0,
      "wdtcf_only": 0,
      "both": 0
    },
    "P20": {
      "total_videos": 7,
      "sparse_videos": 1,
      "wdtcf_videos": 1,
      "any_visor": 1,
      "sparse_coverage_pct": 14.285714285714285,
      "wdtcf_coverage_pct": 14.285714285714285,
      "any_visor_coverage_pct": 14.285714285714285,
      "sparse_only": 0,
      "wdtcf_only": 0,
      "both": 1
    },
    "P21": {
      "total_videos": 4,
      "sparse_videos": 1,
      "wdtcf_videos": 1,
      "any_visor": 1,
      "sparse_coverage_pct": 25.0,
      "wdtcf_coverage_pct": 25.0,
      "any_visor_coverage_pct": 25.0,
      "sparse_only": 0,
      "wdtcf_only": 0,
      "both": 1
    },
    "P22": {
      "total_videos": 33,
      "sparse_videos": 4,
      "wdtcf_videos": 4,
      "any_visor": 4,
      "sparse_coverage_pct": 12.121212121212121,
      "wdtcf_coverage_pct": 12.121212121212121,
      "any_visor_coverage_pct": 12.121212121212121,
      "sparse_only": 0,
      "wdtcf_only": 0,
      "both": 4
    },
    "P23": {
      "total_videos": 7,
      "sparse_videos": 2,
      "wdtcf_videos": 0,
      "any_visor": 2,